Series Name,Series Code,Country Name,Country Code,1990 [YR1990],2000 [YR2000],2013 [YR2013],2014 [YR2014],2015 [YR2015],2016 [YR2016],2017 [YR2017],2018 [YR2018],2019 [YR2019],2020 [YR2020],2021 [YR2021],2022 [YR2022]
Agricultural land (% of land area),AG.LND.AGRI.ZS,Sub-Saharan Africa,SSF,40.4184209000901,41.5657938804502,43.3834120024218,43.4978011350348,43.6188029241274,43.7195663251039,43.8173040609251,43.9538823977432,44.0256904629967,44.0839187707916,44.1282771514759,..
Agricultural land (% of land area),AG.LND.AGRI.ZS,Afghanistan,AFG,58.3229842233568,57.9458166597673,58.123668031216,58.123668031216,58.123668031216,58.123668031216,58.123668031216,58.2769881790166,58.2769881790166,58.7415482268525,58.7415482268525,..
Agricultural land (% of land area),AG.LND.AGRI.ZS,Albania,ALB,40.9124087591241,41.7518248175182,43.3321167883212,42.857299270073,42.8576642335766,43.1277372262774,42.8569708029197,42.8496715328467,42.8467153284672,42.538503649635,41.471897810219,..
Agricultural land (% of land area),AG.LND.AGRI.ZS,Algeria,DZA,16.2385482882263,16.8032614811021,17.3955322579291,17.3952656461243,17.4059228102468,17.3655321884285,17.3550108093197,17.3565679895505,17.347004145287,17.347004145287,17.347004145287,..
Agricultural land (% of land area),AG.LND.AGRI.ZS,American Samoa,ASM,9.65,11.35,13.3,13.45,13.6,13.75,13.9,14.05,14.2,14.35,14.5,..
Agricultural land (% of land area),AG.LND.AGRI.ZS,Andorra,AND,48.936170212766,48.936170212766,40.0212765957447,40,40.0212765957447,40.0425531914894,40.0425531914894,40.0723404255319,40.0002127659574,39.9517021276596,39.9068085106383,..
Agricultural land (% of land area),AG.LND.AGRI.ZS,Angola,AGO,35.6589396005454,35.7126814791048,36.4867249538782,36.6359188256998,36.7281623486003,36.7562364642657,36.7145263495628,36.7305687013716,36.7987486965589,36.8107804604155,36.8147910483677,..
Agricultural land (% of land area),AG.LND.AGRI.ZS,Antigua and Barbuda,ATG,20.4545454545455,20.4545454545455,20.4545454545455,20.4545454545455,20.4545454545455,20.4545454545455,20.4545454545455,20.4545454545455,20.4545454545455,20.4545454545455,20.4545454545455,..
Agricultural land (% of land area),AG.LND.AGRI.ZS,Argentina,ARG,46.6128790619325,46.9581867146078,44.9219312381015,44.2830207294213,44.1187712163234,43.4794953027197,42.9863813585024,42.3715363084602,42.5907792625398,43.0292651706989,43.1023461553921,..
Agricultural land (% of land area),AG.LND.AGRI.ZS,Armenia,ARM,..,46.4699683877766,59.1148577449947,59.0340709518792,58.8935721812434,58.8970846505093,58.872497365648,58.9146469968388,58.9041095890411,58.8689848963822,58.8275377590446,..
Agricultural land (% of land area),AG.LND.AGRI.ZS,Aruba,ABW,11.1111111111111,11.1111111111111,11.1111111111111,11.1111111111111,11.1111111111111,11.1111111111111,11.1111111111111,11.1111111111111,11.1111111111111,11.1111111111111,11.1111111111111,..
Agricultural land (% of land area),AG.LND.AGRI.ZS,Australia,AUS,60.4554625567864,59.2881038230738,48.3937102169923,48.7383986566523,45.3144240657095,44.5399257932247,48.3406179391109,46.6580950127535,47.1237724290889,46.2524798427461,47.2592374954823,..
Agricultural land (% of land area),AG.LND.AGRI.ZS,Austria,AUT,36.6444498303442,35.630150266602,32.9180804653417,32.8914202617547,32.9429229277751,32.3578526417838,32.1694134755211,32.1477217644207,32.1280901599612,31.5398133785749,31.4767256422685,..
Agricultural land (% of land area),AG.LND.AGRI.ZS,Azerbaijan,AZE,..,57.3863567580655,57.7045451795933,57.7005431692535,57.7017529003303,57.7355751784202,57.7956013645932,57.8253926004791,57.8278123260822,57.8382498850519,57.8415003024803,..
Agricultural land (% of land area),AG.LND.AGRI.ZS,"Bahamas, The",BHS,1.0989010989011,1.0989010989011,1.2987012987013,1.2987012987013,1.2987012987013,1.2987012987013,1.2987012987013,1.2987012987013,1.2987012987013,1.2987012987013,1.2987012987013,..
Agricultural land (% of land area),AG.LND.AGRI.ZS,Bahrain,BHR,14.4927536231884,13.943661971831,11.0779220779221,10.9338521400778,10.694087403599,10.5519897304236,10.3974358974359,10.4113110539846,10.3846153846154,10.3184713375796,10.253164556962,..
Agricultural land (% of land area),AG.LND.AGRI.ZS,Bangladesh,BGD,79.7879695782438,72.2132595836214,71.2760236613659,71.5986786509949,72.4763002227856,73.1136974725359,73.4526388568795,73.9594376584466,75.8392870861182,76.2694937389568,77.3450103710532,..
Agricultural land (% of land area),AG.LND.AGRI.ZS,Barbados,BRB,44.1860465116279,41.8604651162791,29.0697674418605,27.906976744186,25.5813953488372,23.2558139534884,23.2558139534884,23.2558139534884,23.2558139534884,23.2558139534884,23.2558139534884,..
Agricultural land (% of land area),AG.LND.AGRI.ZS,Belarus,BLR,..,45.6105063890204,42.9317720346167,42.4879171121282,42.242016376159,42.0354897826473,41.8448381185095,41.6444969947778,41.3223954869066,40.7971228692482,40.2759300320276,..
Agricultural land (% of land area),AG.LND.AGRI.ZS,Belgium,BEL,..,45.891677675033,44.1380449141347,43.9663143989432,43.8573315719947,44.6103038309115,43.8243064729194,44.7159841479524,44.7959907529723,45.066357331572,45.1013870541612,..
Agricultural land (% of land area),AG.LND.AGRI.ZS,Belize,BLZ,5.52389302937308,6.53222270933801,7.01446733888645,7.01446733888645,7.45287154756686,7.45287154756686,7.54055238930294,7.54055238930294,7.62823323103902,7.89127575624726,7.97895659798334,..
Agricultural land (% of land area),AG.LND.AGRI.ZS,Benin,BEN,20.1312522170983,28.3345157857396,35.0301525363604,35.0301525363604,35.0301525363604,35.0301525363604,35.0301525363604,35.0301525363604,35.0301525363604,35.0301525363604,35.0301525363604,..
Agricultural land (% of land area),AG.LND.AGRI.ZS,Bermuda,BMU,5.55555555555556,7.40740740740741,5.55555555555556,5.55555555555556,5.55555555555556,5.55555555555556,5.55555555555556,5.55555555555556,5.55555555555556,5.55555555555556,5.55555555555556,..
Agricultural land (% of land area),AG.LND.AGRI.ZS,Bhutan,BTN,9.71684181238362,14.5226130653266,13.631712884015,13.7891229635071,13.7891229635071,13.6063338926174,13.4490352348993,13.4504457262716,13.4504457262716,13.4504457262716,13.4504457262716,..
Agricultural land (% of land area),AG.LND.AGRI.ZS,Bolivia,BOL,32.7286993445952,34.2869011354195,34.8361488045786,34.8461578510108,34.8470741253577,34.8797480845565,34.7748052247761,34.9640905566325,35.0737763315794,35.0850864026585,35.1881908981815,..
Agricultural land (% of land area),AG.LND.AGRI.ZS,Bosnia and Herzegovina,BIH,..,41.6015625,42.20703125,42.12890625,42.5,43.14453125,43.515625,43.18359375,43.28125,43.7890625,44.19921875,..
Agricultural land (% of land area),AG.LND.AGRI.ZS,Botswana,BWA,45.914280168687,45.7907645616078,45.6690134632012,45.8842835212535,45.6330174862809,45.6330174862809,45.6330174862809,45.6330174862809,45.63372328975,45.63372328975,45.63372328975,..
Agricultural land (% of land area),AG.LND.AGRI.ZS,Brazil,BRA,28.1043390036539,27.3175012622426,27.9962527547995,28.0824920377022,28.1687313206048,28.2549706035075,28.3410663137971,28.4156284771492,28.490129502497,28.5646185634603,28.6390944636007,..
Agricultural land (% of land area),AG.LND.AGRI.ZS,British Virgin Islands,VGB,53.3333333333333,46.6666666666667,46.6666666666667,46.6666666666667,46.6666666666667,46.6666666666667,46.6666666666667,46.6666666666667,46.6666666666667,46.6666666666667,46.6666666666667,..
Agricultural land (% of land area),AG.LND.AGRI.ZS,Brunei Darussalam,BRN,2.46679316888046,2.27703984819734,2.5426944971537,2.5426944971537,2.5426944971537,2.5426944971537,2.5426944971537,2.5426944971537,2.5426944971537,2.5426944971537,2.5426944971537,..
Agricultural land (% of land area),AG.LND.AGRI.ZS,Bulgaria,BGR,55.6720600198861,50.4564765434331,46.0114222549742,45.8456153279293,46.1670965364775,46.2509211495947,46.3294030950626,46.3338246131172,46.3983050847458,46.4904200442152,46.4867096536478,..
Agricultural land (% of land area),AG.LND.AGRI.ZS,Burkina Faso,BFA,34.9963450292398,37.1454678362573,42.8545321637427,43.3114035087719,43.8084795321637,44.2324561403509,44.6527777777778,45.3691520467836,45.7565789473684,46.1038011695906,46.5643274853801,..
Agricultural land (% of land area),AG.LND.AGRI.ZS,Burundi,BDI,81.0747663551402,72.702492211838,73.481308411215,74.5327102803738,75.5841121495327,76.6355140186916,77.6869158878505,78.7383177570093,79.7897196261682,80.8411214953271,81.892523364486,..
Agricultural land (% of land area),AG.LND.AGRI.ZS,Cabo Verde,CPV,16.8734491315136,17.8660049627792,19.6029776674938,19.6029776674938,19.6029776674938,19.6029776674938,19.6029776674938,19.6029776674938,19.6029776674938,19.6029776674938,19.6029776674938,..
Agricultural land (% of land area),AG.LND.AGRI.ZS,Cambodia,KHM,25.237933378654,27.0224337185588,31.5665318377521,31.7350787446182,31.9942669385905,32.2931112621799,32.7675725130297,33.1740527985497,33.7108305007931,34.2476076365284,34.552117040562,..
Agricultural land (% of land area),AG.LND.AGRI.ZS,Cameroon,CMR,19.398785724863,19.3776311057519,20.6257536333058,20.6257536333058,20.6257536333058,20.6257536333058,20.6257536333058,20.6257536333058,20.6257536333058,20.6257536333058,20.6257536333058,..
Agricultural land (% of land area),AG.LND.AGRI.ZS,Canada,CAN,6.84874057368227,6.83580221714355,6.45155533545478,6.45947450195693,6.46750520601544,6.47475514717938,6.45441069689781,6.45681990811536,6.43435624426279,6.37073522211031,6.48457678610033,..
Agricultural land (% of land area),AG.LND.AGRI.ZS,Cayman Islands,CYM,11.25,11.25,11.25,11.25,11.25,11.25,11.25,11.25,11.25,11.25,11.25,..
Agricultural land (% of land area),AG.LND.AGRI.ZS,Central African Republic,CAF,7.95531156698449,7.94889081511445,7.84294840925872,7.87665735657646,7.87665735657646,7.87665735657646,7.87665735657646,7.87986773251148,7.87986773251148,7.87986773251148,7.88147292047899,..
Agricultural land (% of land area),AG.LND.AGRI.ZS,Chad,TCD,38.3576874205845,38.6197585768742,39.7363405336722,39.8951715374841,39.8959656925032,39.9761753494282,39.9761753494282,39.9761753494282,39.9761753494282,39.9761753494282,39.9761753494282,..
Agricultural land (% of land area),AG.LND.AGRI.ZS,Channel Islands,CHI,42.9292929292929,39.8989898989899,47.7777777777778,48.0808080808081,46.7676767676768,46.9191919191919,46.5656565656566,43.2828282828283,43.2828282828283,43.2828282828283,43.2828282828283,..
Agricultural land (% of land area),AG.LND.AGRI.ZS,Chile,CHL,21.3830742994249,20.3219229300151,18.1994117267313,17.7064591705535,17.2121603374165,16.7192091261708,16.226256569993,15.7333040138151,15.2390051806782,14.7460539694324,14.2502770559976,..
Agricultural land (% of land area),AG.LND.AGRI.ZS,China,CHN,53.8645647484888,55.694583211727,55.9433953923703,55.8632629794963,55.7831305666223,55.7030040870411,55.6228716656317,55.5427392442223,55.462649429444,55.462649429444,55.462649429444,..
Agricultural land (% of land area),AG.LND.AGRI.ZS,Colombia,COL,40.6336187471834,40.4317260027039,40.392609283461,40.3785488958991,40.3644885083371,40.3504281207751,39.195132942767,39.7007661108607,39.9765660207301,39.7046219017575,38.5020279405137,..
Agricultural land (% of land area),AG.LND.AGRI.ZS,Comoros,COM,61.257388500806,68.7802256851155,71.4669532509404,71.4669532509404,71.4669532509404,71.4669532509404,71.4669532509404,71.4669532509404,71.4669532509404,71.4669532509404,71.4669532509404,..
Agricultural land (% of land area),AG.LND.AGRI.ZS,"Congo, Dem. Rep.",COD,11.4510046095146,11.2922079354227,13.8638318519662,14.2250942855252,14.3137557618932,14.4116803775832,14.6979554928211,14.8183763040074,14.9224763459121,14.9511479676231,14.9524712732406,..
Agricultural land (% of land area),AG.LND.AGRI.ZS,"Congo, Rep.",COG,30.8081991215227,30.8638360175695,31.1185944363104,31.1185944363104,31.1185944363104,31.1185944363104,31.1215226939971,31.1303074670571,31.1361639824305,31.1537335285505,31.2679355783309,..
Agricultural land (% of land area),AG.LND.AGRI.ZS,Costa Rica,CRI,43.0591461026244,36.036036036036,35.2722287504896,34.9588719153937,35.0861731296514,34.8021934978457,34.8805327066197,34.9099099099099,34.7826086956522,34.9784567175872,35.4680767724246,..
Agricultural land (% of land area),AG.LND.AGRI.ZS,Cote d'Ivoire,CIV,59.5283018867925,61.6352201257862,66.6666666666667,67.1383647798742,69.811320754717,68.8679245283019,69.1823899371069,72.7987421383648,73.0503144654088,73.2704402515723,73.8993710691824,..
Agricultural land (% of land area),AG.LND.AGRI.ZS,Croatia,HRV,..,20.9078552010302,28.0055035379887,26.954828103781,27.4676577800014,27.6249017225359,26.7493388606962,26.5170466728611,26.8744192695304,26.8942101501072,26.3759828448892,..
Agricultural land (% of land area),AG.LND.AGRI.ZS,Cuba,CUB,62.7653631284916,61.024208566108,60.8549222797927,60.3622380311479,59.9452449567723,59.8490965013456,60.6936416184971,60.6936416184971,61.6666666666667,61.6666666666667,61.6666666666667,..
Agricultural land (% of land area),AG.LND.AGRI.ZS,Curacao,CUW,..,..,..,..,..,..,..,..,..,..,..,..
Agricultural land (% of land area),AG.LND.AGRI.ZS,Cyprus,CYP,17.3809523809524,15.3138528138528,11.7781385281385,11.7943722943723,13.7099567099567,11.8387445887446,13.1406926406926,14.3340800865801,13.5636796536797,13.8148593073593,13.3262878787879,..
Agricultural land (% of land area),AG.LND.AGRI.ZS,Czechia,CZE,..,55.3901902420085,45.5969955969956,45.5322455322455,45.2532055433234,45.17549540215,45.6029011786038,45.628804558995,45.6399997409511,45.6468665918898,45.730560511424,..
Agricultural land (% of land area),AG.LND.AGRI.ZS,Denmark,DNK,69.7,66.175,65.7,66.315775,65.847475,65.6275,65.7825,65.8125,65.649125,65.499675,65.45,..
Agricultural land (% of land area),AG.LND.AGRI.ZS,Djibouti,DJI,56.0396893874029,69.0940465918896,73.4598792062122,73.4598792062122,73.4598792062122,73.4598792062122,73.4598792062122,73.4598792062122,73.4641932700604,73.5073339085419,73.5073339085419,..
Agricultural land (% of land area),AG.LND.AGRI.ZS,Dominica,DMA,24,28,33.3333333333333,33.3333333333333,33.3333333333333,33.3333333333333,33.3333333333333,33.3333333333333,33.3333333333333,33.3333333333333,33.3333333333333,..
Agricultural land (% of land area),AG.LND.AGRI.ZS,Dominican Republic,DOM,52.7013040778307,52.0596149865452,48.6855723452701,48.6855723452701,50.2794452494308,50.2794452494308,50.2794452494308,50.2794452494308,51.1034903536639,51.1034903536639,51.1034903536639,..
Agricultural land (% of land area),AG.LND.AGRI.ZS,Ecuador,ECU,28.3412801618263,32.477049444355,30.2504429054598,22.0446126590433,23.3089064261556,22.2096956031567,22.507650185215,21.9358995007248,21.4607827347399,21.8231599291351,22.024480592688,..
Agricultural land (% of land area),AG.LND.AGRI.ZS,"Egypt, Arab Rep.",EGY,2.6601034707921,3.30604249334472,3.74802350695665,3.73217137977799,3.80719985936009,3.75083168416294,3.85450680596715,3.88065698930132,3.93992666633181,3.98915063539103,4.04942488321865,..
Agricultural land (% of land area),AG.LND.AGRI.ZS,El Salvador,SLV,61.3320463320463,62.0994208494209,58.8030888030888,58.6003861003861,59.0250965250965,58.5955598455598,58.1660231660232,57.707528957529,57.707528957529,57.707528957529,57.707528957529,..
Agricultural land (% of land area),AG.LND.AGRI.ZS,Equatorial Guinea,GNQ,3.70231729055258,3.66666666666667,3.70837789661319,3.71301247771836,3.71764705882353,3.7222816399287,3.72691622103387,3.73155080213904,3.73618538324421,3.74046345811052,3.74046345811052,..
Agricultural land (% of land area),AG.LND.AGRI.ZS,Eritrea,ERI,..,74.5544554455445,62.7182592530622,62.7250437544772,62.6978016748456,62.7036614635264,62.70688595366,62.7035294042634,62.7020628070177,62.7226371689837,62.7226371689837,..
Agricultural land (% of land area),AG.LND.AGRI.ZS,Estonia,EST,..,23.2602028780373,22.1992178513918,22.4062571888659,22.8433402346446,23.0733839429492,22.9707602339181,23.0409356725146,23.1204678362573,23.0409356725146,23.0877192982456,..
Agricultural land (% of land area),AG.LND.AGRI.ZS,Eswatini,SWZ,71.9767441860465,71.1046511627907,70.8573546511628,70.6976744186046,70.4651162790698,70.2325581395349,70,69.8255813953488,69.593023255814,69.4767441860465,69.4767441860465,..
Agricultural land (% of land area),AG.LND.AGRI.ZS,Ethiopia,ETH,51.1462306993642,30.534,32.5180834179228,32.7060238794806,32.8929601801843,33.0793660251424,33.263928222695,33.5852342867904,33.8392576144297,34.0927517767343,34.1981062223837,..
Agricultural land (% of land area),AG.LND.AGRI.ZS,Faroe Islands,FRO,69.1489971346705,69.1210601719198,69.0565902578797,69.067335243553,69.067335243553,69.0186246418338,69.0186246418338,69.0078796561605,69.0078796561605,70.3294289897511,70.1240875912409,..
Agricultural land (% of land area),AG.LND.AGRI.ZS,Fiji,FJI,22.4411603721949,20.3503010399562,17.3508483853311,17.3125342090859,17.2742200328407,17.2359058565955,17.1975916803503,17.1592775041051,17.1209633278599,17.0552818828681,17.0552818828681,..
Agricultural land (% of land area),AG.LND.AGRI.ZS,Finland,FIN,7.85646278604025,7.2819199579763,7.43196551383724,7.46026522754944,7.48050409660755,7.48576881313547,7.4690708081074,7.47565148723348,7.48198598361465,7.46857932486675,7.46181004166177,..
Agricultural land (% of land area),AG.LND.AGRI.ZS,France,FRA,55.8705251969626,54.4360781420356,52.549232317366,52.5360830014044,52.4637617636155,52.4475461002233,52.410066897145,52.3417653321937,52.2706969320089,52.1475462828527,52.1475462828527,..
Agricultural land (% of land area),AG.LND.AGRI.ZS,French Polynesia,PYF,11.7486338797814,12.3883607029674,13.1086142322097,13.1086142322097,13.1086142322097,13.1086142322097,13.3967156439067,13.6848170556036,13.6848170556036,13.9729184673005,13.9729184673005,..
Agricultural land (% of land area),AG.LND.AGRI.ZS,Gabon,GAB,7.78274537198743,8.02188846198626,8.35656459812939,8.35656459812939,8.35656459812939,8.35656459812939,8.35656459812939,8.35656459812939,8.35656459812939,8.35656459812939,8.35656459812939,..
Agricultural land (% of land area),AG.LND.AGRI.ZS,"Gambia, The",GMB,57.5098814229249,50,63.6363636363636,63.6363636363636,63.6363636363636,63.6363636363636,62.6482213438735,62.6482213438735,62.6482213438735,62.6482213438735,62.6482213438735,..
Agricultural land (% of land area),AG.LND.AGRI.ZS,Georgia,GEO,..,43.1716793783278,35.7763707008203,34.7675924593467,34.7978126349115,34.4510001439056,34.3186069938121,34.1660670600086,34.1430421643402,34.2193121312419,34.2480932508275,..
Agricultural land (% of land area),AG.LND.AGRI.ZS,Germany,DEU,51.6483831237648,48.9124516406362,47.8588626461821,47.9363714531384,47.9590666743106,47.6843370735058,47.7631164667831,47.6415364359723,47.7002776267209,47.4970663155786,47.4856177910072,..
Agricultural land (% of land area),AG.LND.AGRI.ZS,Ghana,GHA,55.4979344291114,56.1023121209458,54.7731216489409,54.3845249186956,54.564096422607,54.3110758547948,53.1069873428848,53.694038850312,54.8473863936011,55.393019913595,55.393019913595,..
Agricultural land (% of land area),AG.LND.AGRI.ZS,Gibraltar,GIB,..,..,..,..,..,..,..,..,..,..,..,..
Agricultural land (% of land area),AG.LND.AGRI.ZS,Greece,GRC,71.5438324282389,66.1675717610551,55.4926299456943,48.1070597362296,48.0915438324282,47.6027928626843,46.9630783553142,46.1108642358417,45.5173622963538,45.5173622963538,45.5173622963538,..
Agricultural land (% of land area),AG.LND.AGRI.ZS,Greenland,GRL,0.693005560433128,0.584236813253746,0.592203678889024,0.592228042392496,0.59227676939944,0.592301132902911,0.592301132902911,0.592301132902911,0.592301132902911,0.592301132902911,0.592301132902911,..
Agricultural land (% of land area),AG.LND.AGRI.ZS,Grenada,GRD,38.2352941176471,35.2941176470588,23.5294117647059,23.5294117647059,23.5294117647059,23.5294117647059,23.5294117647059,23.5294117647059,23.5294117647059,23.5294117647059,23.5294117647059,..
Agricultural land (% of land area),AG.LND.AGRI.ZS,Guam,GUM,37.037037037037,37.037037037037,33.3333333333333,33.3333333333333,31.4814814814815,31.4814814814815,31.4814814814815,29.6296296296296,29.6296296296296,29.6296296296296,29.6296296296296,..
Agricultural land (% of land area),AG.LND.AGRI.ZS,Guatemala,GTM,39.9869354236655,44.4356103023516,39.408361328854,39.9860022396417,41.6573348264278,41.9354236655468,42.2135125046659,42.491601343785,42.7696901829041,43.0384471817842,43.0384471817842,..
Agricultural land (% of land area),AG.LND.AGRI.ZS,Guinea,GIN,57.5492430408595,57.2969233273645,59.0102555754517,59.1445547777959,59.1933908513755,59.2747843073417,59.3968744912909,59.5067556568452,59.5393130392316,59.5596614032232,59.5718704216181,..
Agricultural land (% of land area),AG.LND.AGRI.ZS,Guinea-Bissau,GNB,20.5785917496444,23.5817923186344,27.4858463726885,27.7861308677098,28.0864153627312,28.3865576102418,28.6866998577525,28.9868421052632,28.9868421052632,28.9868421052632,28.9868421052632,..
Agricultural land (% of land area),AG.LND.AGRI.ZS,Guyana,GUY,5.12065024130048,5.23579730759461,5.29337058674117,5.29337058674117,5.29337058674117,5.29337058674117,5.29337058674117,5.29337058674117,5.29337058674117,5.29337058674117,5.29845059690119,..
Agricultural land (% of land area),AG.LND.AGRI.ZS,Haiti,HTI,57.9462989840348,61.3207547169811,75.0362844702467,75.0362844702467,75.0362844702467,75.0362844702467,72.9317851959361,72.3875181422351,64.9492017416546,64.9492017416546,65.1306240928882,..
Agricultural land (% of land area),AG.LND.AGRI.ZS,Honduras,HND,29.6719992850121,26.2311198498525,30.1188667441237,30.1635534900349,30.1635534900349,30.6014835999643,31.1734739476271,31.361158280454,31.361158280454,31.6203414067388,31.9599606756636,..
Agricultural land (% of land area),AG.LND.AGRI.ZS,"Hong Kong SAR, China",HKG,8.08080808080808,6.66666666666667,4.85714285714286,4.85714285714286,4.85714285714286,4.76190476190476,4.85714285714286,4.76190476190476,4.76190476190476,3.80952380952381,3.80952380952381,..
Agricultural land (% of land area),AG.LND.AGRI.ZS,Hungary,HUN,72.0373873372649,65.32024101763,58.0691483486137,57.6813499890423,57.6813499890423,57.8785886478194,58.1087004163927,58.031996493535,57.8347578347578,53.8754394039009,55.2672430418584,..
Agricultural land (% of land area),AG.LND.AGRI.ZS,Iceland,ISL,18.9625935162095,18.8428927680798,18.6753117206983,18.6753117206983,18.6733167082294,18.6733167082294,18.6733167082294,18.565903005058,18.565903005058,18.565903005058,18.565903005058,..
Agricultural land (% of land area),AG.LND.AGRI.ZS,India,IND,61.0162821750376,60.8689656564162,60.4394606466455,60.4495508191538,60.4317248477225,60.3990999566123,60.2839387997403,60.2435646561437,60.2198133654425,60.0458628611021,60.0459264291889,..
Agricultural land (% of land area),AG.LND.AGRI.ZS,Indonesia,IDN,24.8861484789437,25.1273089646496,30.3432348753861,30.5189987424894,30.7853076320399,31.7972814123319,33.7147054170956,34.0342760845563,34.1407996403765,34.2473231961967,34.1337419293713,..
Agricultural land (% of land area),AG.LND.AGRI.ZS,"Iran, Islamic Rep.",IRN,37.7587858247992,38.6085119968565,28.2141015250866,28.2141015250866,28.2141015250866,28.2141015250866,28.6194144838213,28.9152542372881,28.9604519568567,28.984694422188,29.008936825886,..
Agricultural land (% of land area),AG.LND.AGRI.ZS,Iraq,IRQ,21.1034135857512,19.4343462057297,20.4173653853241,21.3508458334869,21.3508458334869,21.4429845575498,21.4890539195813,21.5351232816128,21.5811926436443,21.7424354107544,21.7078833892308,..
Agricultural land (% of land area),AG.LND.AGRI.ZS,Ireland,IRL,65.864421541588,63.814196545217,64.9876614893308,64.8279866453767,64.3054144287995,64.7554071708521,65.1618522281899,65.5537813906227,65.6699085498621,65.495717811003,62.9554362026419,..
Agricultural land (% of land area),AG.LND.AGRI.ZS,Isle of Man,IMN,69.4736842105263,76.8421052631579,68.0701754385965,68.2456140350877,70.8771929824561,71.4035087719298,70.5263157894737,70.7017543859649,70.7017543859649,69.8245614035088,68.7719298245614,..
Agricultural land (% of land area),AG.LND.AGRI.ZS,Israel,ISR,26.7560073937153,26.1552680221811,24.043438077634,24.8475046210721,24.6719038817006,25.5083179297597,29.7597042513863,29.6349353049908,29.5009242144177,29.8706099815157,29.7365988909427,..
Agricultural land (% of land area),AG.LND.AGRI.ZS,Italy,ITA,57.2574886947061,52.8780797922345,46.0912085162215,44.5086196984965,43.7748124902779,43.3250596852407,43.3743295977925,41.948748469826,44.3699956377212,42.332263616904,41.9422315930434,..
Agricultural land (% of land area),AG.LND.AGRI.ZS,Jamaica,JAM,43.9519852262235,44.2289935364728,38.6703601108033,38.5872576177285,38.5041551246537,38.5041551246537,38.5041551246537,38.5041551246537,38.5041551246537,38.5041551246537,38.5041551246537,..
Agricultural land (% of land area),AG.LND.AGRI.ZS,Japan,JPN,15.9956116291827,14.4252400548697,13.4211248285322,13.360768175583,13.2949245541838,13.2043895747599,13.1083676268861,13.0205761316872,12.9355281207133,12.8449931412894,12.7818930041152,..
Agricultural land (% of land area),AG.LND.AGRI.ZS,Jordan,JOR,11.7883046237534,12.1146872166818,11.901329128182,11.9846812345123,11.8979499887362,12.0067582788916,11.3426447398063,11.5093489524668,11.6730860193256,11.5886208527603,11.5210487195081,..
Agricultural land (% of land area),AG.LND.AGRI.ZS,Kazakhstan,KAZ,..,79.7841612030966,80.3771159758492,80.304996851502,80.1050857502685,80.0985665073897,80.088046820017,80.0222617327851,79.2585472459903,79.2692521391266,79.1924658295366,..
Agricultural land (% of land area),AG.LND.AGRI.ZS,Kenya,KEN,47.0358786941702,46.8619320378114,48.5697719366061,48.5890993428682,48.6101837860632,48.6295111923253,48.6488385985873,48.6681660048494,48.6874934111115,48.6874934111115,48.6874934111115,..
Agricultural land (% of land area),AG.LND.AGRI.ZS,Kiribati,KIR,48.1481481481481,41.9753086419753,41.9753086419753,41.9753086419753,41.9753086419753,41.9753086419753,41.9753086419753,41.9753086419753,41.9753086419753,41.9753086419753,41.9753086419753,..
Agricultural land (% of land area),AG.LND.AGRI.ZS,"Korea, Dem. People's Rep.",PRK,20.9118843949838,21.1776430529026,21.8420396976995,21.8420396976995,21.8420396976995,21.7589901170999,21.5928909559007,21.5928909559007,21.5513661656009,21.5513661656009,21.5513661656009,..
Agricultural land (% of land area),AG.LND.AGRI.ZS,"Korea, Rep.",KOR,22.5896744764669,20.4540742276591,18.154291462238,17.9441650415683,17.815177792601,17.4460708387613,17.1951594708235,16.9401148482363,16.7725409836066,16.608606557377,16.4241803278689,..
Agricultural land (% of land area),AG.LND.AGRI.ZS,Kosovo,XKX,..,..,..,..,..,..,..,..,..,..,..,..
Agricultural land (% of land area),AG.LND.AGRI.ZS,Kuwait,KWT,7.91245791245791,8.30527497194164,8.61952861952862,8.53535353535353,8.38383838383838,8.41750841750842,8.49607182940516,8.41750841750842,8.41750841750842,8.41750841750842,8.41750841750842,..
Agricultural land (% of land area),AG.LND.AGRI.ZS,Kyrgyz Republic,KGZ,..,55.8602711157456,55.0401459854015,55.0422314911366,55.0375391032325,54.958811261731,54.9535974973931,54.0709071949948,54.0583941605839,54.0552659019812,54.0464025026069,..
Agricultural land (% of land area),AG.LND.AGRI.ZS,Lao PDR,LAO,7.19237435008666,7.82495667244367,10.1169844020797,10.1169844020797,10.1169844020797,10.1169844020797,9.78726169844021,9.45753899480069,9.12781629116118,8.7998266897747,8.7998266897747,..
Agricultural land (% of land area),AG.LND.AGRI.ZS,Latvia,LVA,..,25.5194690407701,30.1637552830765,30.0834043100262,30.2842817426519,31.0315457920195,31.0636861812397,31.1440371542899,31.4975814357112,31.6406877711715,31.6567571910654,..
Agricultural land (% of land area),AG.LND.AGRI.ZS,Lebanon,LBN,59.1397849462366,58.1622678396872,64.5161290322581,64.7116324535679,65.0048875855327,65.5913978494624,65.8181818181818,65.6451612903226,65.6207233626589,66.2072336265885,66.4027370478983,..
Agricultural land (% of land area),AG.LND.AGRI.ZS,Lesotho,LSO,76.4492753623188,76.8774703557312,74.1798418972332,74.9769433465086,73.2213438735178,77.6021080368907,79.6442687747035,80.1482213438735,80.1383399209486,80.1383399209486,80.1383399209486,..
Agricultural land (% of land area),AG.LND.AGRI.ZS,Liberia,LBR,11.0440199335548,14.1934821428571,18.2366206395349,18.5462344269103,18.8585257475083,19.1702938122924,19.4838901578073,19.7975892857143,19.9651162790698,19.9651162790698,19.9651162790698,..
Agricultural land (% of land area),AG.LND.AGRI.ZS,Libya,LBY,8.78354569944417,8.78070404764882,8.72671266353706,8.72387101174171,8.72387101174171,8.72387101174171,8.72387101174171,8.72387101174171,8.72387101174171,8.72387101174171,8.72387101174171,..
Agricultural land (% of land area),AG.LND.AGRI.ZS,Liechtenstein,LIE,43.75,43.75,33.375,32.75,32.625,32.5,32.375,32.375,32.3125,32.3125,32.3125,..
Agricultural land (% of land area),AG.LND.AGRI.ZS,Lithuania,LTU,..,54.5309508615188,46.1332269644994,47.1252992817239,47.9792498004789,47.1552632419144,46.8590859022046,47.0541274149768,47.5087831363781,46.9945704247844,46.9222168982591,..
Agricultural land (% of land area),AG.LND.AGRI.ZS,Luxembourg,LUX,..,49.7191644072932,50.8378456064573,50.8805730133698,50.9893336855108,50.7488949138849,50.9458294166544,51.1015902363991,51.1144084584729,51.3257149072038,51.5879058132579,..
Agricultural land (% of land area),AG.LND.AGRI.ZS,"Macao SAR, China",MAC,..,..,..,..,..,..,..,..,..,..,..,..
Agricultural land (% of land area),AG.LND.AGRI.ZS,Madagascar,MDG,62.4634590913781,69.6426729029817,70.2904778274321,70.2904778274321,70.2904778274321,70.2904778274321,70.2904778274321,70.2904778274321,70.2904778274321,70.2904778274321,70.2904778274321,..
Agricultural land (% of land area),AG.LND.AGRI.ZS,Malawi,MWI,44.7390750954603,50.1697072549852,58.8141705557913,59.9384811200679,60.5218498090793,61.1158252015274,61.6991938905388,62.2931692829869,62.8765379719983,63.4705133644463,64.1705557912601,..
Agricultural land (% of land area),AG.LND.AGRI.ZS,Malaysia,MYS,20.5649064069396,21.1191599452138,24.529904124182,24.6203013239994,26.0842185359915,26.0873535230558,26.0873535230558,26.0873535230558,26.0873535230558,26.0873535230558,26.0873535230558,..
Agricultural land (% of land area),AG.LND.AGRI.ZS,Maldives,MDV,26.6666666666667,30,21.3333333333333,21.3333333333333,21.3333333333333,21.3333333333333,21.3333333333333,21.3333333333333,21.3333333333333,21.3333333333333,19.6666666666667,..
Agricultural land (% of land area),AG.LND.AGRI.ZS,Mali,MLI,26.3303256050287,31.687687983019,34.1078028831575,34.2626967931224,34.4175907030872,34.5733041575492,34.7281980675141,34.8830919774789,35.0379858874438,35.1928797974086,35.3477737073734,..
Agricultural land (% of land area),AG.LND.AGRI.ZS,Malta,MLT,40.625,28.125,31.96875,31.96875,31.96875,32.4375,32.4375,32.4375,32.4375,28.46875,27.34375,..
Agricultural land (% of land area),AG.LND.AGRI.ZS,Marshall Islands,MHL,..,47.2222222222222,38.8888888888889,38.8888888888889,38.8888888888889,38.8888888888889,38.8888888888889,38.8888888888889,38.8888888888889,38.8888888888889,38.8888888888889,..
Agricultural land (% of land area),AG.LND.AGRI.ZS,Mauritania,MRT,38.4748229358688,38.5272145144077,38.5272145144077,38.5272145144077,38.5272145144077,38.5272145144077,38.5272145144077,38.5272145144077,38.5272145144077,38.5272145144077,38.5272145144077,..
Agricultural land (% of land area),AG.LND.AGRI.ZS,Mauritius,MUS,54.679802955665,49.7536945812808,43.064596895343,43.064596895343,43.064596895343,43.064596895343,43.064596895343,43.064596895343,43.064596895343,43.064596895343,43.064596895343,..
Agricultural land (% of land area),AG.LND.AGRI.ZS,Mexico,MEX,54.0914118161475,54.6979088968338,51.1772422130199,50.7976028190025,50.7626224954345,50.5866920445485,49.8706242444507,49.6494251395355,49.4385143650814,49.969392216878,49.9632192186013,..
Agricultural land (% of land area),AG.LND.AGRI.ZS,"Micronesia, Fed. Sts.",FSM,..,7.85714285714286,7.14285714285714,7.14285714285714,7.14285714285714,7.14285714285714,7.14285714285714,7.14285714285714,7.14285714285714,7.14285714285714,7.14285714285714,..
Agricultural land (% of land area),AG.LND.AGRI.ZS,Moldova,MDA,..,77.3722627737226,74.8479318734793,70.4075425790754,70.4987834549878,70.4957420924574,70.456065673457,68.6355301608926,68.7711146722455,68.8650614573387,69.0021231422505,..
Agricultural land (% of land area),AG.LND.AGRI.ZS,Monaco,MCO,..,..,..,..,..,..,..,..,..,..,..,..
Agricultural land (% of land area),AG.LND.AGRI.ZS,Mongolia,MNG,81.2025682112591,84.3135152680571,73.2252730410926,73.001629001279,72.990217275856,72.9236771309318,72.8635713833453,72.8416347996956,72.8032862891056,72.3589435904377,72.3150521955921,..
Agricultural land (% of land area),AG.LND.AGRI.ZS,Montenegro,MNE,..,..,16.5895910780669,17.1241635687732,17.2044609665428,19.0111524163569,19.0557620817844,19.092936802974,19.1078066914498,19.17843866171,19.0007434944238,..
Agricultural land (% of land area),AG.LND.AGRI.ZS,Morocco,MAR,67.9879005153484,68.6802599148555,68.5301366793637,67.404212413175,67.3246695048174,69.1799238180596,69.5643024871163,68.3975066099036,66.34978041676,68.0215101949361,67.8713869594443,..
Agricultural land (% of land area),AG.LND.AGRI.ZS,Mozambique,MOZ,44.8383733055266,47.6232864518426,51.2285968615682,51.4911009944302,51.7536051272921,52.1499910984511,52.4319031511483,52.6638927744856,52.6638927744856,52.6638927744856,52.6638927744856,..
Agricultural land (% of land area),AG.LND.AGRI.ZS,Myanmar,MMR,15.9561771276433,16.5437463659455,19.2732896429228,19.342193911925,19.5213448582103,19.5471674990043,19.997855227882,20.0265052857362,19.8857055308718,19.8875388787596,19.8875388787596,..
Agricultural land (% of land area),AG.LND.AGRI.ZS,Namibia,NAM,46.9603663350703,47.1522792697591,47.1389182426605,47.1389182426605,47.1401328814877,47.1401328814877,47.1413475203148,47.1413475203148,47.1413475203148,47.1413475203148,47.142562159142,..
Agricultural land (% of land area),AG.LND.AGRI.ZS,Nauru,NRU,20,20,20,20,20,20,20,20,20,20,20,..
Agricultural land (% of land area),AG.LND.AGRI.ZS,Nepal,NPL,28.9818181818182,29.6414370422044,28.7478200209278,28.7478200209278,28.7478200209278,28.7478200209278,28.7478200209278,28.7478200209278,28.7478200209278,28.7478200209278,28.7478200209278,..
Agricultural land (% of land area),AG.LND.AGRI.ZS,Netherlands,NLD,59.7748815165877,58.0450236966825,54.8411991688928,54.5888987830217,54.8262548262548,53.9055539055539,54.024354024354,54.1431541431541,53.959013959014,53.8892188892189,53.8164538164538,..
Agricultural land (% of land area),AG.LND.AGRI.ZS,New Caledonia,NCL,12.691466083151,13.4026258205689,10.050875273523,10.050875273523,10.0672866520788,10.0672866520788,10.0672866520788,10.0672866520788,10.0672866520788,10.0672866520788,10.0672866520788,..
Agricultural land (% of land area),AG.LND.AGRI.ZS,New Zealand,NZL,52.8540503588926,46.863819832137,42.1784208727356,42.2163989214234,40.6820857544339,40.3099008772929,40.4238350233565,39.8693555125138,39.2882913675895,38.5629106376514,38.6426645398959,..
Agricultural land (% of land area),AG.LND.AGRI.ZS,Nicaragua,NIC,33.4469004487286,42.7206248961276,42.1555592487951,42.1555592487951,42.1555592487951,42.1555592487951,42.222037560246,42.2469669270401,42.2469669270401,42.3051354495596,42.3051354495596,..
Agricultural land (% of land area),AG.LND.AGRI.ZS,Niger,NER,26.0890502881503,29.2097576379569,36.063787795058,36.063787795058,36.0740506828768,36.6266677192705,36.7845583010973,36.7845583010973,36.7845583010973,36.7845583010973,36.7845583010973,..
Agricultural land (% of land area),AG.LND.AGRI.ZS,Nigeria,NGA,64.4663306872207,71.9259527652426,74.0494307014943,74.2152244803847,74.3733324549557,74.542420149983,74.7049200127365,74.8729097357181,75.0376055425629,75.2033993214533,75.3691931003437,..
Agricultural land (% of land area),AG.LND.AGRI.ZS,North Macedonia,MKD,..,48.5646873771136,49.9603489294211,50,50.0396510705789,50.1586042823156,50.1982553528945,50.1189532117367,50.1586042823156,50.0396510705789,49.9603489294211,..
Agricultural land (% of land area),AG.LND.AGRI.ZS,Northern Mariana Islands,MNP,..,6.52173913043478,3.69565217391304,3.69565217391304,3.69565217391304,3.69565217391304,3.69565217391304,1.17391304347826,1.17391304347826,1.17391304347826,1.17391304347826,..
Agricultural land (% of land area),AG.LND.AGRI.ZS,Norway,NOR,2.67218626452454,2.85288738487148,2.70359004539183,2.7026523658753,2.70004137564292,2.69388608214041,2.69802778789613,2.70133768638321,2.69589201685045,2.70656765993659,2.70403821341313,..
Agricultural land (% of land area),AG.LND.AGRI.ZS,Oman,OMN,3.48949919224556,3.78998384491115,4.58642972536349,4.58739903069467,4.63327948303716,4.63974151857835,4.69117932148627,4.71693053311793,4.72180936995153,4.71382875605816,4.73738287560582,..
Agricultural land (% of land area),AG.LND.AGRI.ZS,Pakistan,PAK,45.6698837691988,47.6053341635533,47.063096720631,47.0267745952677,46.9619136571191,47.7298671647987,48.0009858862599,47.9361249481112,47.1188771274388,47.6377646326276,47.0929327521793,..
Agricultural land (% of land area),AG.LND.AGRI.ZS,Palau,PLW,..,9.34782608695652,9.34782608695652,9.34782608695652,9.34782608695652,9.34782608695652,9.34782608695652,9.34782608695652,9.34782608695652,9.34782608695652,9.34782608695652,..
Agricultural land (% of land area),AG.LND.AGRI.ZS,Panama,PAN,28.5714285714286,29.9973096583266,30.1721818670971,30.1268213707501,29.9919050188883,29.8569886670264,29.7220723151646,29.563224588838,29.4284173631707,29.3084389323268,29.4057158263683,..
Agricultural land (% of land area),AG.LND.AGRI.ZS,Papua New Guinea,PNG,2.04919842777017,2.40250850152365,2.83972971779358,2.8816852890518,2.91922448438811,2.93247361215387,3.10250408514773,3.10250408514773,3.10029589718677,3.1312105286402,3.18199885174226,..
Agricultural land (% of land area),AG.LND.AGRI.ZS,Paraguay,PRY,35.5891517744777,37.9943116033224,41.6665995469419,42.1171406997231,42.6331235841933,42.1196576894035,42.0919708029197,42.3033979360685,42.3084319154291,42.3084319154291,42.3084319154291,..
Agricultural land (% of land area),AG.LND.AGRI.ZS,Peru,PER,17.528913359375,18.149453125,19.5057578125,19.399671875,19.293596875,19.09609375,19.154771875,19.29577265625,19.1236640625,19.5288984375,19.93413203125,..
Agricultural land (% of land area),AG.LND.AGRI.ZS,Philippines,PHL,37.3612368782909,37.6764932756481,41.8184257302881,41.9156856826642,42.0129456350404,42.1102055874166,42.224234497099,42.3013717007077,42.3785089043163,42.455646107925,42.5361371029949,..
Agricultural land (% of land area),AG.LND.AGRI.ZS,Poland,POL,61.3568839988246,60.1162297169349,47.059207733255,47.1080048336001,46.9349096965936,46.9447075345374,47.2321107808877,47.39850409903,47.4437293783281,48.1266128768824,47.3683763475988,..
Agricultural land (% of land area),AG.LND.AGRI.ZS,Portugal,PRT,43.3114754098361,43.2391256830601,40.4027282294018,39.996244771062,39.7222440549486,39.5066458819112,40.1000899508327,40.791900276839,43.1253165745326,43.1660902826901,43.2538567511157,..
Agricultural land (% of land area),AG.LND.AGRI.ZS,Puerto Rico,PRI,49.0417136414882,27.869222096956,21.6685456595265,21.1499436302142,20.6313416009019,20.1127395715896,19.5941375422773,19.0417136414882,19.0417136414882,19.0417136414882,19.0417136414882,..
Agricultural land (% of land area),AG.LND.AGRI.ZS,Qatar,QAT,5.25409130060293,5.68475452196382,6.04651162790698,6.1792863359443,6.1792863359443,6.1792863359443,6.26631853785901,6.44038294168842,6.44038294168842,6.44038294168842,6.44038294168842,..
Agricultural land (% of land area),AG.LND.AGRI.ZS,Romania,ROU,64.3950294310007,64.6772016890862,60.4486371342868,60.1095271210014,60.2312239221141,58.7665159944367,58.1449930458971,58.3014603616134,60.0921418636996,56.7150556328234,56.8454450625869,..
Agricultural land (% of land area),AG.LND.AGRI.ZS,Russian Federation,RUS,..,13.2566688683588,13.1584362579663,13.1584362579663,13.1584362579663,13.1584362579663,13.1584362579663,13.1584362579663,13.1584362579663,13.1584362579663,13.1584362579663,..
Agricultural land (% of land area),AG.LND.AGRI.ZS,Rwanda,RWA,76.1248479935144,74.0170247263883,80.2594244021078,81.3133360356709,81.3538710985002,81.2728009728415,81.2728009728415,79.0028374543981,77.1787596270774,79.3919740575598,81.2509120389137,..
Agricultural land (% of land area),AG.LND.AGRI.ZS,Samoa,WSM,19.0812720848057,16.9611307420495,21.5547703180212,23.8515901060071,26.7208480565371,24.3144876325088,22.3021582733813,19.8453237410072,17.773381294964,17.773381294964,17.773381294964,..
Agricultural land (% of land area),AG.LND.AGRI.ZS,San Marino,SMR,16.6666666666667,16.6666666666667,16.6666666666667,16.6666666666667,38.3333333333333,38.3333333333333,38.3333333333333,38.3333333333333,38.3333333333333,38.3333333333333,38.3333333333333,..
Agricultural land (% of land area),AG.LND.AGRI.ZS,Sao Tome and Principe,STP,30.2083333333333,37.5,36.4583333333333,38.5416666666667,38.5416666666667,41.6666666666667,42.7083333333333,43.75,43.75,43.75,43.75,..
Agricultural land (% of land area),AG.LND.AGRI.ZS,Saudi Arabia,SAU,57.4413054905591,80.8418888304825,80.6139489879936,80.7443398815643,80.7730416943838,80.7683898608636,80.7540156952863,80.7537365852751,80.7634751987496,80.7732138122241,80.7730416943838,..
Agricultural land (% of land area),AG.LND.AGRI.ZS,Senegal,SEN,46.0655482262504,46.8861995533164,46.5797538046019,46.6005297875656,48.4495922713343,48.2418324416974,48.4236222926297,48.605412143562,48.7975899859762,48.9793798369085,49.4000934919233,..
Agricultural land (% of land area),AG.LND.AGRI.ZS,Serbia,SRB,..,..,39.9176766521839,40.0914703864624,39.8010519094443,39.5152069517494,39.0921564143609,39.6066773382118,39.5609421449806,41.4080152217862,41.443691283149,..
Agricultural land (% of land area),AG.LND.AGRI.ZS,Seychelles,SYC,8.69565217391304,8.69565217391304,3.3695652173913,3.3695652173913,3.3695652173913,3.3695652173913,3.3695652173913,3.3695652173913,3.3695652173913,3.3695652173913,3.3695652173913,..
Agricultural land (% of land area),AG.LND.AGRI.ZS,Sierra Leone,SLE,39.1382654474924,38.9304516486561,54.7055971183153,54.7104461069548,54.7104461069548,54.7104461069548,54.7104461069548,54.7104461069548,54.7104461069548,54.7104461069548,54.7104461069548,..
Agricultural land (% of land area),AG.LND.AGRI.ZS,Singapore,SGP,2.98507462686567,1.7910447761194,0.947666195190948,0.930888575458392,0.930888575458392,0.930888575458392,0.926966292134832,0.92436974789916,0.921787709497207,0.919220055710306,0.919220055710306,..
Agricultural land (% of land area),AG.LND.AGRI.ZS,Sint Maarten (Dutch part),SXM,..,..,..,..,..,..,..,..,..,..,..,..
Agricultural land (% of land area),AG.LND.AGRI.ZS,Slovak Republic,SVK,..,50.7276507276507,39.3736483114291,39.2970049916805,39.2787321658833,39.2262895174709,39.0806988352745,39.2886855241265,39.2054908485857,39.1638935108153,38.6023294509151,..
Agricultural land (% of land area),AG.LND.AGRI.ZS,Slovenia,SVN,..,25.7199602780536,30.298411122145,30.5283018867925,30.6062772432556,30.6563399860987,30.5411136105194,30.3927216384259,30.4066268051886,30.3177330605272,30.3410738761646,..
Agricultural land (% of land area),AG.LND.AGRI.ZS,Solomon Islands,SLB,2.42943908538764,2.71525544837442,4.03715612718828,4.0907466952483,4.14433726330832,4.18006430868167,4.28724544480171,4.28724544480171,4.28724544480171,4.28724544480171,4.28724544480171,..
Agricultural land (% of land area),AG.LND.AGRI.ZS,Somalia,SOM,70.2043548952721,70.2442056938821,70.3382535786017,70.3382535786017,70.3382535786017,70.3382535786017,70.3382535786017,70.3382535786017,70.3398476105461,70.3414416424905,70.3430356744349,..
Agricultural land (% of land area),AG.LND.AGRI.ZS,South Africa,ZAF,78.8070134944646,80.888474886447,79.4178502831612,79.4178502831612,79.4178502831612,79.4178502831612,79.4178502831612,79.4178502831612,79.4178502831612,79.4178502831612,79.4178502831612,..
Agricultural land (% of land area),AG.LND.AGRI.ZS,South Sudan,SSD,..,..,45.0407877454781,44.9849469086766,44.929106071875,44.8732652350735,44.817424398272,44.7057427246689,44.7057427246689,44.7054262339183,44.7085911414239,..
Agricultural land (% of land area),AG.LND.AGRI.ZS,Spain,ESP,61.0123338138715,59.6513026052104,53.4439535395134,53.1336838527818,53.1890621841609,52.5772473596977,52.6387138276281,52.408209711446,52.4584917258728,52.3316792232841,52.4848941208322,..
Agricultural land (% of land area),AG.LND.AGRI.ZS,Sri Lanka,LKA,37.2986764471376,37.4740870674534,43.6931908786477,43.6931908786477,44.2699497519913,44.4315189116701,44.5963194545425,45.448079658606,45.4472947072851,45.4574846427417,45.4574846427417,..
Agricultural land (% of land area),AG.LND.AGRI.ZS,St. Kitts and Nevis,KNA,46.1538461538462,36.5384615384615,23.0769230769231,23.0769230769231,23.0769230769231,23.0769230769231,23.0769230769231,23.0769230769231,23.0769230769231,23.0769230769231,23.0769230769231,..
Agricultural land (% of land area),AG.LND.AGRI.ZS,St. Lucia,LCA,34.2622950819672,23.2786885245902,16.2950819672131,16.2950819672131,16.2950819672131,16.2950819672131,16.2950819672131,16.2950819672131,16.2950819672131,16.2950819672131,16.2950819672131,..
Agricultural land (% of land area),AG.LND.AGRI.ZS,St. Martin (French part),MAF,..,..,..,..,..,..,..,..,..,..,..,..
Agricultural land (% of land area),AG.LND.AGRI.ZS,St. Vincent and the Grenadines,VCT,27.1282051282051,17.9487179487179,17.9487179487179,17.9487179487179,17.9487179487179,17.9487179487179,17.9487179487179,17.9487179487179,17.9487179487179,17.9487179487179,17.9487179487179,..
Agricultural land (% of land area),AG.LND.AGRI.ZS,Sudan,SDN,51.729797979798,55.3766835016835,59.664539614561,59.6600428265525,59.8232762312634,59.9865096359743,60.1497430406852,60.3129764453961,60.3129764453961,60.3130835117773,60.3130835117773,..
Agricultural land (% of land area),AG.LND.AGRI.ZS,Suriname,SUR,0.564102564102564,0.564102564102564,0.533333333333333,0.565384615384615,0.557692307692308,0.557692307692308,0.538461538461538,0.538461538461538,0.538461538461538,0.512820512820513,0.5,..
Agricultural land (% of land area),AG.LND.AGRI.ZS,Sweden,SWE,8.37875610945852,7.30127704223281,7.4534350567843,7.45341050724985,7.43498868578537,7.41674708031197,7.39330060221358,7.36634329022193,7.37761126098893,7.37947833353596,7.37302077073873,..
Agricultural land (% of land area),AG.LND.AGRI.ZS,Switzerland,CHE,40.6035907063298,39.6172730401124,38.5853758563219,38.5028064078332,38.4205685464246,38.3386607265115,38.2598849951265,38.1824051503393,38.1050341397781,38.0271063029444,37.9496922648985,..
Agricultural land (% of land area),AG.LND.AGRI.ZS,Syrian Arab Republic,SYR,73.430188268582,74.6055065839591,75.8100528236127,75.7991613570767,75.7882698905408,75.7835103196645,75.804775908076,75.7920165550291,75.7574143658444,75.7685345531776,75.7685345531776,..
Agricultural land (% of land area),AG.LND.AGRI.ZS,Tajikistan,TJK,..,32.6736210345813,34.156901971992,34.6735261481706,34.9002089487715,35.1278910584336,35.3562936811009,35.3887167663376,35.4362706246848,35.4204193385691,35.4276244686217,..
Agricultural land (% of land area),AG.LND.AGRI.ZS,Tanzania,TZA,35.2110973131632,38.3833822533303,42.9396026191014,43.1792729735832,43.418943328065,43.6586136825469,43.8982840370287,44.1379543915105,44.3776247459923,44.6163919620682,44.6163919620682,..
Agricultural land (% of land area),AG.LND.AGRI.ZS,Thailand,THA,41.8544109299458,42.8565836089961,44.6989868660573,44.7102115915363,44.7180410655914,44.7102115915363,44.7199984341052,44.7174470042475,45.019475816712,45.5516837283955,45.9981600735971,..
Agricultural land (% of land area),AG.LND.AGRI.ZS,Timor-Leste,TLS,21.3853396099529,22.6630800268998,22.8379287155346,22.871553463349,22.9051782111634,22.9388029589778,22.9724277067922,23.0060524546066,22.9589778076664,22.9589778076664,22.9589778076664,..
Agricultural land (% of land area),AG.LND.AGRI.ZS,Togo,TGO,58.0989152417724,62.5114910829197,70.2334988049274,70.2334988049274,70.2334988049274,70.2334988049274,70.2334988049274,70.2334988049274,70.2334988049274,70.2334988049274,70.2334988049274,..
Agricultural land (% of land area),AG.LND.AGRI.ZS,Tonga,TON,44.4444444444444,41.6666666666667,45.8333333333333,47.2222222222222,48.6111111111111,48.6111111111111,48.6111111111111,48.6111111111111,48.6111111111111,48.6111111111111,48.6111111111111,..
Agricultural land (% of land area),AG.LND.AGRI.ZS,Trinidad and Tobago,TTO,15.009746588694,13.0604288499025,10.5263157894737,10.5263157894737,10.5263157894737,10.5263157894737,10.5263157894737,10.5263157894737,10.5263157894737,10.5263157894737,10.5263157894737,..
Agricultural land (% of land area),AG.LND.AGRI.ZS,Tunisia,TUN,59.1593717816684,61.476570545829,63.9997425334707,62.8282698249228,63.2981462409887,62.45236869207,62.7117662203914,62.4388516992791,62.4388516992791,62.4388516992791,62.4388516992791,..
Agricultural land (% of land area),AG.LND.AGRI.ZS,Turkiye,TUR,51.5533438145603,52.5954029858503,49.9239894494757,50.0942011096241,50.0903031326741,49.8005535127269,49.3275989761314,49.1171082208334,49.0053662149344,49.0651351948339,49.4900146823798,..
Agricultural land (% of land area),AG.LND.AGRI.ZS,Turkmenistan,TKM,..,75.5431660034473,72.0064690485817,72.0064690485817,72.0064690485817,72.0064690485817,72.0064690485817,72.0064690485817,72.0064690485817,72.0064690485817,72.0064690485817,..
Agricultural land (% of land area),AG.LND.AGRI.ZS,Turks and Caicos Islands,TCA,1.05263157894737,1.05263157894737,1.05263157894737,1.05263157894737,1.05263157894737,1.05263157894737,1.05263157894737,1.05263157894737,1.05263157894737,1.05263157894737,1.05263157894737,..
Agricultural land (% of land area),AG.LND.AGRI.ZS,Tuvalu,TUV,66.6666666666667,66.6666666666667,60,60,60,60,60,60,60,60,60,..
Agricultural land (% of land area),AG.LND.AGRI.ZS,Uganda,UGA,59.8668735298534,62.6194885140884,71.8880909634949,71.8880909634949,71.8880909634949,71.8880909634949,71.8880909634949,71.8880909634949,71.8880909634949,71.8880909634949,71.8880909634949,..
Agricultural land (% of land area),AG.LND.AGRI.ZS,Ukraine,UKR,..,71.4697505825494,71.6805910377684,71.658409432236,71.6532306789345,71.665314436638,71.6191955808735,71.3306869175009,71.2996202968588,71.2996202968588,71.2996202968588,..
Agricultural land (% of land area),AG.LND.AGRI.ZS,United Arab Emirates,ARE,4.01295409743734,7.70205575894114,5.34215713883413,5.3858068149817,5.39003097718952,5.40411151788229,5.40411151788229,5.37524640946212,5.49704308645452,5.48859476203886,5.51339763446916,..
Agricultural land (% of land area),AG.LND.AGRI.ZS,United Kingdom,GBR,75.2407721241681,70.1194560410036,71.3024428553714,71.2272144835283,70.8386723432398,71.7148836440293,72.1950667548465,71.7185202331253,72.4229988013062,71.3400491877816,71.1575290373248,..
Agricultural land (% of land area),AG.LND.AGRI.ZS,United States,USA,46.615336239049,45.2305848555761,44.1246821508141,44.1843601802475,44.2440272776368,44.3037053070702,44.363367353855,44.363367353855,44.363367353855,44.363367353855,44.363367353855,..
Agricultural land (% of land area),AG.LND.AGRI.ZS,Uruguay,URY,85.2302593989258,85.4645183407611,81.9717746543252,82.7054050965604,82.6625528511027,81.5066849502914,81.2644269226374,81.0810193120786,80.7182036338704,80.3531025025711,80.3885555936464,..
Agricultural land (% of land area),AG.LND.AGRI.ZS,Uzbekistan,UZB,..,62.6839310495109,57.5048934231933,58.6109332727536,57.984566500227,57.9805306962693,57.9525543137807,57.9234067278426,58.0070592775022,58.2832179734483,58.3012029873846,..
Agricultural land (% of land area),AG.LND.AGRI.ZS,Vanuatu,VUT,12.4692370795734,14.3560295324036,15.3404429860541,15.3404429860541,15.3404429860541,15.3404429860541,15.3404429860541,15.3404429860541,15.3404429860541,15.3404429860541,15.3404429860541,..
Agricultural land (% of land area),AG.LND.AGRI.ZS,"Venezuela, RB",VEN,24.7831755569412,24.5280879768721,24.3750354288306,24.3750354288306,24.3750354288306,24.3750354288306,24.3750354288306,24.3750354288306,24.3750354288306,24.3750354288306,24.3750354288306,..
Agricultural land (% of land area),AG.LND.AGRI.ZS,Viet Nam,VNM,20.6642293158008,28.2260657107953,34.6726704451298,34.6991265943562,38.7634300520449,38.8407942894887,38.8279627189274,38.7344502263671,39.5241027473527,39.4347683207361,39.4347683207361,..
Agricultural land (% of land area),AG.LND.AGRI.ZS,Virgin Islands (U.S.),VIR,28.5714285714286,20,11.4285714285714,11.4285714285714,11.4285714285714,11.4285714285714,11.4285714285714,9.42857142857143,9.42857142857143,9.42857142857143,9.42857142857143,..
Agricultural land (% of land area),AG.LND.AGRI.ZS,West Bank and Gaza,PSE,83.2225913621262,77.7762624584718,68.8420431893688,69.8431063122924,71.4953156146179,72.1624916943522,71.3877906976744,71.2277242524917,70.6523754152824,67.7514285714286,64.9294605809129,..
Agricultural land (% of land area),AG.LND.AGRI.ZS,"Yemen, Rep.",YEM,44.7487546640908,44.8301986855314,44.5082106937894,44.4184328655037,44.382445972309,44.2938045722295,44.4191904843078,44.4191904843078,44.4191904843078,44.4191904843078,44.4191904843078,..
Agricultural land (% of land area),AG.LND.AGRI.ZS,Zambia,ZMB,27.9947268593874,30.3017258773995,31.9307496737917,31.9320948627235,31.9334400516553,31.9334400516553,32.0679589448338,32.0679589448338,32.0679589448338,32.0679589448338,32.0679589448338,..
Agricultural land (% of land area),AG.LND.AGRI.ZS,Zimbabwe,ZWE,33.6306061781052,38.9298177588213,41.8766963939511,41.8766963939511,41.8766963939511,41.8766963939511,41.8766963939511,41.8766963939511,41.8766963939511,41.8766963939511,41.8766963939511,..
,,,,,,,,,,,,,,,
,,,,,,,,,,,,,,,
,,,,,,,,,,,,,,,
Data from database: World Development Indicators,,,,,,,,,,,,,,,
Last Updated: 02/21/2024,,,,,,,,,,,,,,,
